-- MTN MUD Content Migration
-- Generated: 2025-12-13T22:37:38.480Z

-- Categories
INSERT INTO categories (id, name, slug, sort_order) VALUES ('3fb343d2-2a01-4207-88d1-0d0b909421c2', 'Bentonite', 'bentonite', 0);
INSERT INTO categories (id, name, slug, sort_order) VALUES ('b486da81-b41b-4371-859f-8855d2d12f6c', 'Cementing and Frac', 'cementing-and-frac', 10);
INSERT INTO categories (id, name, slug, sort_order) VALUES ('c8e20ee6-226b-409f-849b-cff9513aadfb', 'Erosion Control', 'erosion-control', 20);
INSERT INTO categories (id, name, slug, sort_order) VALUES ('79a7f114-794c-4f13-86c9-398fecd8e5bc', 'Float Equipment', 'float-equipment', 30);
INSERT INTO categories (id, name, slug, sort_order) VALUES ('349f00cf-5809-43e3-aff2-7f361281d8fc', 'Foamers & Defoamers', 'foamers--defoamers', 40);
INSERT INTO categories (id, name, slug, sort_order) VALUES ('c7f96e29-e713-4186-97b7-b7edd834bda3', 'Lost Circulation', 'lost-circulation', 50);
INSERT INTO categories (id, name, slug, sort_order) VALUES ('660fb6f7-7a03-4a4a-bc90-ce5302bc6ac7', 'PAC Polymers Drispac Liquid', 'pac-polymers-drispac-liquid', 60);
INSERT INTO categories (id, name, slug, sort_order) VALUES ('10794b4e-89ed-4425-9dc0-14c9c6ce1441', 'Pit Liners', 'pit-liners', 70);
INSERT INTO categories (id, name, slug, sort_order) VALUES ('7ee3c0ca-1dcc-4043-8f72-1371a649fc9b', 'Polymers & Detergents', 'polymers--detergents', 80);
INSERT INTO categories (id, name, slug, sort_order) VALUES ('56b2d0d8-4dbc-4aa5-b9b9-72a5cf2be8bf', 'Specialty Chemicals', 'specialty-chemicals', 90);
INSERT INTO categories (id, name, slug, sort_order) VALUES ('f05290fd-9939-489d-b8de-c48a9959b78d', 'Thinners', 'thinners', 100);

-- Products
INSERT INTO products (id, slug, title, category_id, size, description, pdf_url, sort_order, in_stock) VALUES ('ba452e6d-82c4-4f44-8ab0-a5a18f3992cd', 'bentonite-bent-plug-cr-super-sacks', 'Bent Plug CR Super Sacks', '3fb343d2-2a01-4207-88d1-0d0b909421c2', '50 LBS', NULL, NULL, 1, 1);
INSERT INTO products (id, slug, title, category_id, size, description, pdf_url, sort_order, in_stock) VALUES ('95b3e571-26e8-46b2-ac01-e1dd8c61bd8d', 'bentonite-bent-plug-cr', 'Bent Plug CR', '3fb343d2-2a01-4207-88d1-0d0b909421c2', '50 LBS', NULL, NULL, 2, 1);
INSERT INTO products (id, slug, title, category_id, size, description, pdf_url, sort_order, in_stock) VALUES ('008057c6-0787-47c5-8fb4-49c061857deb', 'bentonite-bent-plug-md-gel-api', 'Bent Plug MD Gel (API)', '3fb343d2-2a01-4207-88d1-0d0b909421c2', '50 LBS', NULL, NULL, 3, 1);
INSERT INTO products (id, slug, title, category_id, size, description, pdf_url, sort_order, in_stock) VALUES ('00adea20-3d7a-4c8e-9c70-fccd6e689e17', 'bentonite-mountain-gel-xtra', 'Mountain Gel XTRA', '3fb343d2-2a01-4207-88d1-0d0b909421c2', '100 LBS', NULL, NULL, 4, 1);
INSERT INTO products (id, slug, title, category_id, size, description, pdf_url, sort_order, in_stock) VALUES ('f32daba2-d942-4f6e-9a54-1aa2b1baecdb', 'bentonite-salt-gel', 'Salt Gel', '3fb343d2-2a01-4207-88d1-0d0b909421c2', '50 LBS', NULL, NULL, 6, 1);
INSERT INTO products (id, slug, title, category_id, size, description, pdf_url, sort_order, in_stock) VALUES ('ecb61bfe-6690-4500-b4cf-7e7dbd8be920', 'bentonite-super-plug', 'Super Plug', '3fb343d2-2a01-4207-88d1-0d0b909421c2', '50 LBS', NULL, NULL, 5, 1);
INSERT INTO products (id, slug, title, category_id, size, description, pdf_url, sort_order, in_stock) VALUES ('f6149a51-076b-40a2-8850-567d982a2c63', 'cementing-frac-cement-portland', 'Cement Portland', 'b486da81-b41b-4371-859f-8855d2d12f6c', '94 LBS', NULL, NULL, 2, 1);
INSERT INTO products (id, slug, title, category_id, size, description, pdf_url, sort_order, in_stock) VALUES ('581b1b7c-d098-4b6e-91fa-4d73566cb1c7', 'cementing-frac-ready-mix', 'Ready Mix', 'b486da81-b41b-4371-859f-8855d2d12f6c', NULL, NULL, NULL, 1, 1);
INSERT INTO products (id, slug, title, category_id, size, description, pdf_url, sort_order, in_stock) VALUES ('bb7ad032-3a94-4274-a0c1-67b21f95c91e', 'cementing-frac-sand-8x16', 'Sand 8X16', 'b486da81-b41b-4371-859f-8855d2d12f6c', NULL, NULL, NULL, 4, 1);
INSERT INTO products (id, slug, title, category_id, size, description, pdf_url, sort_order, in_stock) VALUES ('927eff3a-a5bc-46c9-b377-e15387429cb8', 'cementing-frac-sand', 'Sand', 'b486da81-b41b-4371-859f-8855d2d12f6c', NULL, NULL, NULL, 3, 1);
INSERT INTO products (id, slug, title, category_id, size, description, pdf_url, sort_order, in_stock) VALUES ('915b8c98-6a89-4b17-ba8e-c130a5b24b5f', 'erosion-control-100-coconut-blanket', '100% Coconut Blanket 8''x112.5''', 'c8e20ee6-226b-409f-849b-cff9513aadfb', NULL, NULL, NULL, 9, 1);
INSERT INTO products (id, slug, title, category_id, size, description, pdf_url, sort_order, in_stock) VALUES ('d50a92c4-805f-4c8e-98c5-61c430e1171d', 'erosion-control-aspen-excelsior-log-12x10', 'Aspen Excelsior Log 12"x10''', 'c8e20ee6-226b-409f-849b-cff9513aadfb', NULL, NULL, NULL, 13, 1);
INSERT INTO products (id, slug, title, category_id, size, description, pdf_url, sort_order, in_stock) VALUES ('83e51278-4cc3-46b0-8320-b168ca59f656', 'erosion-control-aspen-excelsior-log-20x10', 'Aspen Excelsior Log 20"x10''', 'c8e20ee6-226b-409f-849b-cff9513aadfb', NULL, NULL, NULL, 14, 1);
INSERT INTO products (id, slug, title, category_id, size, description, pdf_url, sort_order, in_stock) VALUES ('ed26b14f-37f1-4649-b3b0-50f2ccdeff31', 'erosion-control-aspen-excelsior-log-9x10', 'Aspen Excelsior Log 9"x10''', 'c8e20ee6-226b-409f-849b-cff9513aadfb', NULL, NULL, NULL, 12, 1);
INSERT INTO products (id, slug, title, category_id, size, description, pdf_url, sort_order, in_stock) VALUES ('22797ce9-dc43-4b03-84a3-31207aea245c', 'erosion-control-aspen-excelsior-log-9x20', 'Aspen Excelsior Log 9"x20''', 'c8e20ee6-226b-409f-849b-cff9513aadfb', NULL, NULL, NULL, 11, 1);
INSERT INTO products (id, slug, title, category_id, size, description, pdf_url, sort_order, in_stock) VALUES ('1e384832-1426-4f6f-b9b0-b9bb22253974', 'erosion-control-blanket-staples-6x1x6', '6x1x6 Blanket Staples (1000 Count)', 'c8e20ee6-226b-409f-849b-cff9513aadfb', NULL, NULL, NULL, 3, 1);
INSERT INTO products (id, slug, title, category_id, size, description, pdf_url, sort_order, in_stock) VALUES ('4e6b7aaa-01c0-40cb-b055-3c1b099552fb', 'erosion-control-blanket-staples-6x2x6', '6x2x6 Blanket Staples (1000 Count)', 'c8e20ee6-226b-409f-849b-cff9513aadfb', NULL, NULL, NULL, 1, 1);
INSERT INTO products (id, slug, title, category_id, size, description, pdf_url, sort_order, in_stock) VALUES ('ae094d24-934c-46c6-91cb-03c6e01cc739', 'erosion-control-blanket-staples-8x2x8', '8x2x8 Blanket Staples (1000 Count)', 'c8e20ee6-226b-409f-849b-cff9513aadfb', NULL, NULL, NULL, 2, 1);
INSERT INTO products (id, slug, title, category_id, size, description, pdf_url, sort_order, in_stock) VALUES ('fc1e8232-09c8-45dc-99a5-7111db2bbff4', 'erosion-control-double-net-excelsior-blanket', 'Double Net Excelsior Blanket 8''x101.25''', 'c8e20ee6-226b-409f-849b-cff9513aadfb', NULL, NULL, NULL, 5, 1);
INSERT INTO products (id, slug, title, category_id, size, description, pdf_url, sort_order, in_stock) VALUES ('f0ecefdd-8804-4d7f-b201-d7c719edc231', 'erosion-control-permanent-turf-reinforcement', 'Permanent Turf Reinforcement 12 OZ Synthetic Blanket 7.5''x120''', 'c8e20ee6-226b-409f-849b-cff9513aadfb', NULL, NULL, NULL, 8, 1);
INSERT INTO products (id, slug, title, category_id, size, description, pdf_url, sort_order, in_stock) VALUES ('11d7b6e7-cad4-49a9-8582-42d8b18add56', 'erosion-control-silt-fence', 'Silt Fence 100 FT. Sections', 'c8e20ee6-226b-409f-849b-cff9513aadfb', NULL, NULL, NULL, 19, 1);
INSERT INTO products (id, slug, title, category_id, size, description, pdf_url, sort_order, in_stock) VALUES ('b3b5f0a3-a405-430b-a0ac-cc6a60cceb34', 'erosion-control-single-net-straw-biodegradable', 'Single Net Straw Bio-Degradable Blanket 7.5''x120''', 'c8e20ee6-226b-409f-849b-cff9513aadfb', NULL, NULL, NULL, 7, 1);
INSERT INTO products (id, slug, title, category_id, size, description, pdf_url, sort_order, in_stock) VALUES ('33baf074-d533-4f9d-b4ae-6fc5e1b7d7d9', 'erosion-control-single-net-straw-blanket', 'Single Net Straw Blanket 8''x112.5''', 'c8e20ee6-226b-409f-849b-cff9513aadfb', NULL, NULL, NULL, 6, 1);
INSERT INTO products (id, slug, title, category_id, size, description, pdf_url, sort_order, in_stock) VALUES ('a3c87d11-4778-4c4d-9ecc-5ceb7e94a5f9', 'erosion-control-straw-log-12x10', 'Straw Log 12"x10''', 'c8e20ee6-226b-409f-849b-cff9513aadfb', NULL, NULL, NULL, 16, 1);
INSERT INTO products (id, slug, title, category_id, size, description, pdf_url, sort_order, in_stock) VALUES ('49fcd854-18f7-40e7-93d1-6f126755d9f4', 'erosion-control-straw-log-12x20', 'Straw Log 12"x20''', 'c8e20ee6-226b-409f-849b-cff9513aadfb', NULL, NULL, NULL, 17, 1);
INSERT INTO products (id, slug, title, category_id, size, description, pdf_url, sort_order, in_stock) VALUES ('734a35da-df96-4e95-8532-1aa7f7caa281', 'erosion-control-straw-log-12x25', 'Straw Log 12"x25''', 'c8e20ee6-226b-409f-849b-cff9513aadfb', NULL, NULL, NULL, 18, 1);
INSERT INTO products (id, slug, title, category_id, size, description, pdf_url, sort_order, in_stock) VALUES ('b0479e02-a19f-446c-8f63-64b7b31cc3b5', 'erosion-control-straw-log-9x20', 'Straw Log 9" x 20''', 'c8e20ee6-226b-409f-849b-cff9513aadfb', NULL, NULL, NULL, 10, 1);
INSERT INTO products (id, slug, title, category_id, size, description, pdf_url, sort_order, in_stock) VALUES ('d3bcb40b-b583-4268-9c15-dff7c1338bb1', 'erosion-control-wooden-log-wattle-stakes', '1"x1"x18" Wooden Log/Wattle Stakes (Bundle of 100)', 'c8e20ee6-226b-409f-849b-cff9513aadfb', NULL, NULL, NULL, 4, 1);
INSERT INTO products (id, slug, title, category_id, size, description, pdf_url, sort_order, in_stock) VALUES ('bde47848-50a4-4d7a-9f71-c4b4b504b574', 'float-equipment-10-75-centralizer', '10 3/4" Centralizer', '79a7f114-794c-4f13-86c9-398fecd8e5bc', NULL, NULL, NULL, 4, 1);
INSERT INTO products (id, slug, title, category_id, size, description, pdf_url, sort_order, in_stock) VALUES ('119d0476-78db-4e34-9a52-1f353db25764', 'float-equipment-10-75-fiber-baffle-plate', '10 3/4" Fiber Baffle Plate', '79a7f114-794c-4f13-86c9-398fecd8e5bc', NULL, NULL, NULL, 5, 1);
INSERT INTO products (id, slug, title, category_id, size, description, pdf_url, sort_order, in_stock) VALUES ('5ab2e151-a546-4229-8668-fc68779147a5', 'float-equipment-10-75-wooden-plug', '10 3/4" Wooden Plug', '79a7f114-794c-4f13-86c9-398fecd8e5bc', NULL, NULL, NULL, 6, 1);
INSERT INTO products (id, slug, title, category_id, size, description, pdf_url, sort_order, in_stock) VALUES ('41a0c9e8-b7da-40df-9642-e7bc9240fe53', 'float-equipment-5-5-centralizer', '5 1/2" Centralizer', '79a7f114-794c-4f13-86c9-398fecd8e5bc', NULL, NULL, NULL, 7, 1);
INSERT INTO products (id, slug, title, category_id, size, description, pdf_url, sort_order, in_stock) VALUES ('a6f79672-2a05-4c11-a98e-fbf168fa2bfe', 'float-equipment-5-5-float-collar', '5 1/2" Float Collar (Flapper Type)', '79a7f114-794c-4f13-86c9-398fecd8e5bc', NULL, NULL, NULL, 9, 1);
INSERT INTO products (id, slug, title, category_id, size, description, pdf_url, sort_order, in_stock) VALUES ('a5857fb4-2e45-449a-92ba-a9a0a22e6016', 'float-equipment-5-5-float-shoe', '5 1/2" Float Shoe', '79a7f114-794c-4f13-86c9-398fecd8e5bc', NULL, NULL, NULL, 8, 1);
INSERT INTO products (id, slug, title, category_id, size, description, pdf_url, sort_order, in_stock) VALUES ('42ea0f9e-111a-4496-a664-eb7611704c12', 'float-equipment-5-5-guide-shoe', '5 1/2" Guide Shoe', '79a7f114-794c-4f13-86c9-398fecd8e5bc', NULL, NULL, NULL, 10, 1);
INSERT INTO products (id, slug, title, category_id, size, description, pdf_url, sort_order, in_stock) VALUES ('d65e381d-1ed2-4038-b4e7-5784572191a9', 'float-equipment-5-5-insert-float', '5 1/2" Insert Float', '79a7f114-794c-4f13-86c9-398fecd8e5bc', NULL, NULL, NULL, 11, 1);
INSERT INTO products (id, slug, title, category_id, size, description, pdf_url, sort_order, in_stock) VALUES ('44f22d65-19f9-42a2-a766-9ea5a8803c22', 'float-equipment-5-5-wooden-plug', '5 1/2" Wooden Plug', '79a7f114-794c-4f13-86c9-398fecd8e5bc', NULL, NULL, NULL, 12, 1);
INSERT INTO products (id, slug, title, category_id, size, description, pdf_url, sort_order, in_stock) VALUES ('670378cd-7e44-4dd9-9be3-454befb85c93', 'float-equipment-7-alum-baffle-plate-non-flapper', '7" Alum Baffle Plate Non-Flapper', '79a7f114-794c-4f13-86c9-398fecd8e5bc', NULL, NULL, NULL, 2, 1);
INSERT INTO products (id, slug, title, category_id, size, description, pdf_url, sort_order, in_stock) VALUES ('e4d136e5-fdc7-4d0e-a9ef-53fb7119627b', 'float-equipment-7-alum-baffle-plate', '7" Alum Baffle Plate', '79a7f114-794c-4f13-86c9-398fecd8e5bc', NULL, NULL, NULL, 1, 1);
INSERT INTO products (id, slug, title, category_id, size, description, pdf_url, sort_order, in_stock) VALUES ('e27a0fa2-5e90-4465-aef7-f60f527e1083', 'float-equipment-7-auto-fill-float-collar', '7" Auto Fill Float Collar', '79a7f114-794c-4f13-86c9-398fecd8e5bc', NULL, NULL, NULL, 27, 1);
INSERT INTO products (id, slug, title, category_id, size, description, pdf_url, sort_order, in_stock) VALUES ('45a64b78-9319-4ccd-a42d-4fb39b10120f', 'float-equipment-7-centralizer', '7" Centralizer', '79a7f114-794c-4f13-86c9-398fecd8e5bc', NULL, NULL, NULL, 13, 1);
INSERT INTO products (id, slug, title, category_id, size, description, pdf_url, sort_order, in_stock) VALUES ('e5eb6a64-457f-4eda-90b6-d0ae2da8de86', 'float-equipment-7-float-collar', '7" Float Collar (Flapper Type)', '79a7f114-794c-4f13-86c9-398fecd8e5bc', NULL, NULL, NULL, 14, 1);
INSERT INTO products (id, slug, title, category_id, size, description, pdf_url, sort_order, in_stock) VALUES ('8430ab10-10c0-4bd3-bc21-7b7457eaabc5', 'float-equipment-7-guide-shoe', '7" Guide Shoe', '79a7f114-794c-4f13-86c9-398fecd8e5bc', NULL, NULL, NULL, 15, 1);
INSERT INTO products (id, slug, title, category_id, size, description, pdf_url, sort_order, in_stock) VALUES ('61a99d85-63c8-4bf2-a54e-9748c9028917', 'float-equipment-7-insert-float', '7" Insert Float', '79a7f114-794c-4f13-86c9-398fecd8e5bc', NULL, NULL, NULL, 28, 1);
INSERT INTO products (id, slug, title, category_id, size, description, pdf_url, sort_order, in_stock) VALUES ('53cee199-8713-4772-adc5-30f4ea847f34', 'float-equipment-7-wooden-plug', '7" Wooden Plug', '79a7f114-794c-4f13-86c9-398fecd8e5bc', NULL, NULL, NULL, 16, 1);
INSERT INTO products (id, slug, title, category_id, size, description, pdf_url, sort_order, in_stock) VALUES ('6eae1a14-faf0-49d2-8096-9d88e1f4c1fe', 'float-equipment-8-625-centralizer', '8 5/8" Centralizer', '79a7f114-794c-4f13-86c9-398fecd8e5bc', NULL, NULL, NULL, 17, 1);
INSERT INTO products (id, slug, title, category_id, size, description, pdf_url, sort_order, in_stock) VALUES ('0e74928d-5f77-4c87-8a82-ce7fed22b0c4', 'float-equipment-8-625-fiber-baffle-plate', '8 5/8" Fiber Baffle Plate', '79a7f114-794c-4f13-86c9-398fecd8e5bc', NULL, NULL, NULL, 18, 1);
INSERT INTO products (id, slug, title, category_id, size, description, pdf_url, sort_order, in_stock) VALUES ('5dfcc8b0-1cc7-4d9c-bab3-6a8fb36fb3d6', 'float-equipment-8-625-stop-rings', '8 5/8" Stop Rings', '79a7f114-794c-4f13-86c9-398fecd8e5bc', NULL, NULL, NULL, 24, 1);
INSERT INTO products (id, slug, title, category_id, size, description, pdf_url, sort_order, in_stock) VALUES ('e5ac23bf-8339-45ab-bf16-3cfb9bae23a5', 'float-equipment-8-625-wooden-plug', '8 5/8" Wooden Plug', '79a7f114-794c-4f13-86c9-398fecd8e5bc', NULL, NULL, NULL, 19, 1);
INSERT INTO products (id, slug, title, category_id, size, description, pdf_url, sort_order, in_stock) VALUES ('2110fafb-ad56-44dc-810b-c231fd944cd4', 'float-equipment-9-625-centralizer', '9 5/8" Centralizer', '79a7f114-794c-4f13-86c9-398fecd8e5bc', NULL, NULL, NULL, 20, 1);
INSERT INTO products (id, slug, title, category_id, size, description, pdf_url, sort_order, in_stock) VALUES ('97865f4d-2316-4901-aafc-f01e84e3efb4', 'float-equipment-9-625-fiber-baffle-plate', '9 5/8" Fiber Baffle Plate', '79a7f114-794c-4f13-86c9-398fecd8e5bc', NULL, NULL, NULL, 21, 1);
INSERT INTO products (id, slug, title, category_id, size, description, pdf_url, sort_order, in_stock) VALUES ('072f0db6-4398-4dd5-9d32-34ccb115e3a4', 'float-equipment-9-625-stop-ring', '9 5/8" Stop Ring', '79a7f114-794c-4f13-86c9-398fecd8e5bc', NULL, NULL, NULL, 22, 1);
INSERT INTO products (id, slug, title, category_id, size, description, pdf_url, sort_order, in_stock) VALUES ('b9944683-0328-4e59-95a5-904bf34f9128', 'float-equipment-9-625-wooden-plug', '9 5/8" Wooden Plug', '79a7f114-794c-4f13-86c9-398fecd8e5bc', NULL, NULL, NULL, 23, 1);
INSERT INTO products (id, slug, title, category_id, size, description, pdf_url, sort_order, in_stock) VALUES ('97400d78-f4d1-4884-ab61-2c7ab7e1e3b3', 'float-equipment-auto-fill-kit', 'Auto Fill Kit', '79a7f114-794c-4f13-86c9-398fecd8e5bc', NULL, NULL, NULL, 3, 1);
INSERT INTO products (id, slug, title, category_id, size, description, pdf_url, sort_order, in_stock) VALUES ('0a076128-3768-4810-b473-d538ea9a0f21', 'float-equipment-centralizer-nails', 'Centralizer Nails (1000)', '79a7f114-794c-4f13-86c9-398fecd8e5bc', NULL, NULL, NULL, 25, 1);
INSERT INTO products (id, slug, title, category_id, size, description, pdf_url, sort_order, in_stock) VALUES ('0c9387bc-7f9b-4fdd-b081-179ade6dc4a0', 'foamers-defoamers-air-foam', 'Air Foam', '349f00cf-5809-43e3-aff2-7f361281d8fc', '5 GAL', NULL, NULL, 1, 1);
INSERT INTO products (id, slug, title, category_id, size, description, pdf_url, sort_order, in_stock) VALUES ('0e7cb53f-e441-498b-83c0-a747863ffaa0', 'foamers-defoamers-defoam-a', 'Defoam A', '349f00cf-5809-43e3-aff2-7f361281d8fc', '5 GAL', NULL, NULL, 4, 1);
INSERT INTO products (id, slug, title, category_id, size, description, pdf_url, sort_order, in_stock) VALUES ('ca444c2d-af1f-4396-ab10-0084801c1b56', 'foamers-defoamers-defoam-x', 'Defoam X', '349f00cf-5809-43e3-aff2-7f361281d8fc', '5 GAL', NULL, NULL, 5, 1);
INSERT INTO products (id, slug, title, category_id, size, description, pdf_url, sort_order, in_stock) VALUES ('a28d05d4-ea5e-4392-a5c4-175181bcdd27', 'foamers-defoamers-quick-foam', 'Quick Foam', '349f00cf-5809-43e3-aff2-7f361281d8fc', '5 GAL', NULL, NULL, 3, 1);
INSERT INTO products (id, slug, title, category_id, size, description, pdf_url, sort_order, in_stock) VALUES ('139b152e-5f57-4489-b7e8-bfcb9caf91c7', 'lost-circulation-beet-pulp', 'Beet Pulp', 'c7f96e29-e713-4186-97b7-b7edd834bda3', '50 LBS', NULL, NULL, 1, 1);
INSERT INTO products (id, slug, title, category_id, size, description, pdf_url, sort_order, in_stock) VALUES ('d453544e-2262-497a-b77b-e8be5e91bcc2', 'lost-circulation-cedar-fiber', 'Cedar Fiber', 'c7f96e29-e713-4186-97b7-b7edd834bda3', '50 LBS', NULL, NULL, 2, 1);
INSERT INTO products (id, slug, title, category_id, size, description, pdf_url, sort_order, in_stock) VALUES ('087612e7-4085-4f73-a8d1-8fa0c814e325', 'lost-circulation-cellophane', 'Cellophane', 'c7f96e29-e713-4186-97b7-b7edd834bda3', '50 LBS', NULL, NULL, 4, 1);
INSERT INTO products (id, slug, title, category_id, size, description, pdf_url, sort_order, in_stock) VALUES ('a40bca2e-0dea-4f3f-9f15-97cd33952249', 'lost-circulation-chem-seal', 'Chem Seal', 'c7f96e29-e713-4186-97b7-b7edd834bda3', '50 LBS', NULL, NULL, 3, 1);
INSERT INTO products (id, slug, title, category_id, size, description, pdf_url, sort_order, in_stock) VALUES ('0e8c4083-90e5-4717-a757-892b88d372d9', 'lost-circulation-cotton-seed-hulls', 'Cotton Seed Hulls', 'c7f96e29-e713-4186-97b7-b7edd834bda3', '50 LBS', NULL, NULL, 5, 1);
INSERT INTO products (id, slug, title, category_id, size, description, pdf_url, sort_order, in_stock) VALUES ('2538ea2f-b218-4739-965f-9d79adebef6c', 'lost-circulation-drilling-paper', 'Drilling Paper', 'c7f96e29-e713-4186-97b7-b7edd834bda3', '50 LBS', NULL, NULL, 11, 1);
INSERT INTO products (id, slug, title, category_id, size, description, pdf_url, sort_order, in_stock) VALUES ('8b0a69af-f46d-4c39-8f1d-db47a557ca19', 'lost-circulation-ground-rubber', 'Ground Rubber', 'c7f96e29-e713-4186-97b7-b7edd834bda3', '50 LBS', NULL, NULL, 12, 1);
INSERT INTO products (id, slug, title, category_id, size, description, pdf_url, sort_order, in_stock) VALUES ('96aacfdc-7ebd-47e8-9b2b-67e621a6d5c4', 'lost-circulation-magma-fiber', 'Magma Fiber', 'c7f96e29-e713-4186-97b7-b7edd834bda3', '50 LBS', NULL, NULL, 6, 1);
INSERT INTO products (id, slug, title, category_id, size, description, pdf_url, sort_order, in_stock) VALUES ('99e03b7e-c6ac-4f91-8918-11a148837de8', 'lost-circulation-mica-course', 'Mica Course', 'c7f96e29-e713-4186-97b7-b7edd834bda3', '50 LBS', NULL, NULL, 7, 1);
INSERT INTO products (id, slug, title, category_id, size, description, pdf_url, sort_order, in_stock) VALUES ('c24d360b-c91f-4999-97ab-1037a717102e', 'lost-circulation-mica-fine-mix-ii', 'Mica Fine MIX II', 'c7f96e29-e713-4186-97b7-b7edd834bda3', '50 LBS', NULL, NULL, 8, 1);
INSERT INTO products (id, slug, title, category_id, size, description, pdf_url, sort_order, in_stock) VALUES ('7f8faca9-712f-44dd-95c6-ada6b369fd02', 'lost-circulation-nut-shells', 'Nut Shells', 'c7f96e29-e713-4186-97b7-b7edd834bda3', '50 LBS', NULL, NULL, 9, 1);
INSERT INTO products (id, slug, title, category_id, size, description, pdf_url, sort_order, in_stock) VALUES ('557e488b-0ae8-42ec-8711-a30b8615927f', 'lost-circulation-pheno-seal', 'Pheno Seal', 'c7f96e29-e713-4186-97b7-b7edd834bda3', '50 LBS', NULL, NULL, 10, 1);
INSERT INTO products (id, slug, title, category_id, size, description, pdf_url, sort_order, in_stock) VALUES ('593e9c95-5f87-4329-b589-5f86b7c1a82c', 'lost-circulation-saw-dust', 'Saw Dust', 'c7f96e29-e713-4186-97b7-b7edd834bda3', '50 LBS', NULL, NULL, 13, 1);
INSERT INTO products (id, slug, title, category_id, size, description, pdf_url, sort_order, in_stock) VALUES ('348effc2-a2cc-4e05-aae7-4d203cb213fd', 'lost-circulation-walnut-hulls-med', 'Walnut Hulls Med', 'c7f96e29-e713-4186-97b7-b7edd834bda3', '50 LBS', NULL, NULL, 14, 1);
INSERT INTO products (id, slug, title, category_id, size, description, pdf_url, sort_order, in_stock) VALUES ('5492abe5-b5b6-4a09-96d4-9506c585778e', 'pac-polymers-drispac-liquid', 'Drispac Liquid', '660fb6f7-7a03-4a4a-bc90-ce5302bc6ac7', '5 GAL', NULL, NULL, 1, 1);
INSERT INTO products (id, slug, title, category_id, size, description, pdf_url, sort_order, in_stock) VALUES ('a52b2d31-e095-478d-9d0c-b136ef5e4183', 'pac-polymers-drispac-plus-super-low', 'Drispac Plus Super Low', '660fb6f7-7a03-4a4a-bc90-ce5302bc6ac7', '50 LBS', NULL, NULL, 3, 1);
INSERT INTO products (id, slug, title, category_id, size, description, pdf_url, sort_order, in_stock) VALUES ('4826862a-26a2-406b-9714-79ded8ad4a9c', 'pac-polymers-drispac-plus', 'Drispac Plus', '660fb6f7-7a03-4a4a-bc90-ce5302bc6ac7', '50 LBS', NULL, NULL, 2, 1);
INSERT INTO products (id, slug, title, category_id, size, description, pdf_url, sort_order, in_stock) VALUES ('840373dc-032b-43d5-b7f6-c2020066a877', 'pac-polymers-platinum-pac-ul', 'Platinum Pac UL', '660fb6f7-7a03-4a4a-bc90-ce5302bc6ac7', '50 LBS', NULL, NULL, 5, 1);
INSERT INTO products (id, slug, title, category_id, size, description, pdf_url, sort_order, in_stock) VALUES ('0fa1af9c-7859-49eb-bb11-2984e706155a', 'pac-polymers-platinum-pac', 'Platinum Pac', '660fb6f7-7a03-4a4a-bc90-ce5302bc6ac7', '50 LBS', NULL, NULL, 4, 1);
INSERT INTO products (id, slug, title, category_id, size, description, pdf_url, sort_order, in_stock) VALUES ('7e5aa651-3137-49b2-8034-7e2e029544f1', 'pit-liners-100x100-12mil', 'Pitliner 100'' x 100'' 12 Mil Woven Coated', '10794b4e-89ed-4425-9dc0-14c9c6ce1441', NULL, NULL, NULL, 18, 1);
INSERT INTO products (id, slug, title, category_id, size, description, pdf_url, sort_order, in_stock) VALUES ('dbf8fac7-4dcd-4e60-8213-e5862e9d3c70', 'pit-liners-100x120-12mil', 'Pitliner 100'' x 120'' 12 Mil Woven Coated', '10794b4e-89ed-4425-9dc0-14c9c6ce1441', NULL, NULL, NULL, 19, 1);
INSERT INTO products (id, slug, title, category_id, size, description, pdf_url, sort_order, in_stock) VALUES ('872f12cb-9e48-417d-b56c-7c50503857a8', 'pit-liners-100x150-12mil', 'Pitliner 100'' x 150'' 12 Mil Woven Coated', '10794b4e-89ed-4425-9dc0-14c9c6ce1441', NULL, NULL, NULL, 20, 1);
INSERT INTO products (id, slug, title, category_id, size, description, pdf_url, sort_order, in_stock) VALUES ('4e82f3cb-6a71-487b-8da7-f5da368f875d', 'pit-liners-18x200-12mil', 'Pitliner 18'' x 200'' 12 Mil Woven Coated', '10794b4e-89ed-4425-9dc0-14c9c6ce1441', NULL, NULL, NULL, 1, 1);
INSERT INTO products (id, slug, title, category_id, size, description, pdf_url, sort_order, in_stock) VALUES ('087ee6a5-7fbd-4bb1-a153-8fe01bf28f9e', 'pit-liners-18x400-12mil', 'Pitliner 18'' x 400'' 12 Mil Woven Coated', '10794b4e-89ed-4425-9dc0-14c9c6ce1441', NULL, NULL, NULL, 2, 1);
INSERT INTO products (id, slug, title, category_id, size, description, pdf_url, sort_order, in_stock) VALUES ('af033c64-30d2-41b8-acb6-f362cdbc4241', 'pit-liners-30x30-12mil', 'Pitliner 30'' x 30'' 12 Mil Woven Coated', '10794b4e-89ed-4425-9dc0-14c9c6ce1441', NULL, NULL, NULL, 3, 1);
INSERT INTO products (id, slug, title, category_id, size, description, pdf_url, sort_order, in_stock) VALUES ('7975ea4f-89b1-4305-a994-2e7ae5f4b3cc', 'pit-liners-30x40-12mil', 'Pitliner 30'' x 40'' 12 Mil Woven Coated', '10794b4e-89ed-4425-9dc0-14c9c6ce1441', NULL, NULL, NULL, 4, 1);
INSERT INTO products (id, slug, title, category_id, size, description, pdf_url, sort_order, in_stock) VALUES ('3ab6ffb6-ad74-4af7-93f8-6862b5d3b411', 'pit-liners-40x40-12mil', 'Pitliner 40'' x 40'' 12 Mil Woven Coated', '10794b4e-89ed-4425-9dc0-14c9c6ce1441', NULL, NULL, NULL, 5, 1);
INSERT INTO products (id, slug, title, category_id, size, description, pdf_url, sort_order, in_stock) VALUES ('6d8d5776-f01d-46e4-a7ae-53acc930537c', 'pit-liners-60x100-12mil', 'Pitliner 60'' x 100'' 12 Mil Woven Coated', '10794b4e-89ed-4425-9dc0-14c9c6ce1441', NULL, NULL, NULL, 8, 1);
INSERT INTO products (id, slug, title, category_id, size, description, pdf_url, sort_order, in_stock) VALUES ('1be8ad3c-874b-42ca-aea9-ff9e25b900b4', 'pit-liners-60x110-12mil', 'Pitliner 60'' x 110'' 12 Mil Woven Coated', '10794b4e-89ed-4425-9dc0-14c9c6ce1441', NULL, NULL, NULL, 9, 1);
INSERT INTO products (id, slug, title, category_id, size, description, pdf_url, sort_order, in_stock) VALUES ('c5c4fbfa-d979-41de-8289-e8f71914407e', 'pit-liners-60x125-12mil', 'Pitliner 60'' x 125'' 12 Mil Woven Coated', '10794b4e-89ed-4425-9dc0-14c9c6ce1441', NULL, NULL, NULL, 10, 1);
INSERT INTO products (id, slug, title, category_id, size, description, pdf_url, sort_order, in_stock) VALUES ('dfe19cd5-bb31-4244-84d6-acc47b4829ed', 'pit-liners-60x60-12mil', 'Pitliner 60'' x 60'' 12 Mil Woven Coated', '10794b4e-89ed-4425-9dc0-14c9c6ce1441', NULL, NULL, NULL, 6, 1);
INSERT INTO products (id, slug, title, category_id, size, description, pdf_url, sort_order, in_stock) VALUES ('5aafe8aa-9f5f-4303-8090-1420a0baaab8', 'pit-liners-60x80-12mil', 'Pitliner 60'' x 80'' 12 Mil Woven Coated', '10794b4e-89ed-4425-9dc0-14c9c6ce1441', NULL, NULL, NULL, 7, 1);
INSERT INTO products (id, slug, title, category_id, size, description, pdf_url, sort_order, in_stock) VALUES ('8748e605-fc23-49d9-a4fb-4411271b8050', 'pit-liners-70x100-12mil', 'Pitliner 70'' x 100'' 12 Mil Woven Coated', '10794b4e-89ed-4425-9dc0-14c9c6ce1441', NULL, NULL, NULL, 12, 1);
INSERT INTO products (id, slug, title, category_id, size, description, pdf_url, sort_order, in_stock) VALUES ('726560d9-f9c6-4323-886b-b78155d79bd0', 'pit-liners-70x80-12mil', 'Pitliner 70'' x 80'' 12 Mil Woven Coated', '10794b4e-89ed-4425-9dc0-14c9c6ce1441', NULL, NULL, NULL, 11, 1);
INSERT INTO products (id, slug, title, category_id, size, description, pdf_url, sort_order, in_stock) VALUES ('7e9610bf-b992-42c3-b8ea-0609b439fc91', 'pit-liners-80x100-12mil', 'Pitliner 80'' x 100'' 12 Mil Woven Coated', '10794b4e-89ed-4425-9dc0-14c9c6ce1441', NULL, NULL, NULL, 14, 1);
INSERT INTO products (id, slug, title, category_id, size, description, pdf_url, sort_order, in_stock) VALUES ('315a2cbb-6d69-4ffd-a953-ffca766370a2', 'pit-liners-80x125-12mil', 'Pitliner 80'' x 125'' 12 Mil Woven Coated', '10794b4e-89ed-4425-9dc0-14c9c6ce1441', NULL, NULL, NULL, 15, 1);
INSERT INTO products (id, slug, title, category_id, size, description, pdf_url, sort_order, in_stock) VALUES ('00d822e8-fc78-491e-9118-d1578cd4c26f', 'pit-liners-80x150-12mil', 'Pitliner 80'' x 150'' 12 Mil Woven Coated', '10794b4e-89ed-4425-9dc0-14c9c6ce1441', NULL, NULL, NULL, 16, 1);
INSERT INTO products (id, slug, title, category_id, size, description, pdf_url, sort_order, in_stock) VALUES ('891bb23a-a2d7-4697-b05c-79d12199f1a5', 'pit-liners-80x80-12mil', 'Pitliner 80'' x 80'' 12 Mil Woven Coated', '10794b4e-89ed-4425-9dc0-14c9c6ce1441', NULL, NULL, NULL, 13, 1);
INSERT INTO products (id, slug, title, category_id, size, description, pdf_url, sort_order, in_stock) VALUES ('fe23e335-1c62-48de-bab0-861311a6dcc6', 'pit-liners-90x130-12mil', 'Pitliner 90'' x 130'' 12 Mil Woven Coated', '10794b4e-89ed-4425-9dc0-14c9c6ce1441', NULL, NULL, NULL, 17, 1);
INSERT INTO products (id, slug, title, category_id, size, description, pdf_url, sort_order, in_stock) VALUES ('d5ff2c27-7927-4246-ae73-34c905526e5c', 'pit-liners-griff-tape-roll', 'Griff Tape Roll', '10794b4e-89ed-4425-9dc0-14c9c6ce1441', NULL, NULL, NULL, 21, 1);
INSERT INTO products (id, slug, title, category_id, size, description, pdf_url, sort_order, in_stock) VALUES ('cdeea31e-e7af-445d-b291-53a81934fa72', 'polymers-detergents-alcomer-120l', 'Alcomer 120L', '7ee3c0ca-1dcc-4043-8f72-1371a649fc9b', '5 GAL', NULL, NULL, 2, 1);
INSERT INTO products (id, slug, title, category_id, size, description, pdf_url, sort_order, in_stock) VALUES ('49178b84-fa2a-461d-a0f2-23210c351365', 'polymers-detergents-alcomer-123l', 'Alcomer 123L', '7ee3c0ca-1dcc-4043-8f72-1371a649fc9b', '5 GAL', NULL, NULL, 3, 1);
INSERT INTO products (id, slug, title, category_id, size, description, pdf_url, sort_order, in_stock) VALUES ('0f732f6e-7a98-42e6-a781-c5258487071d', 'polymers-detergents-clean-sweep', 'Clean Sweep', '7ee3c0ca-1dcc-4043-8f72-1371a649fc9b', '50 LBS', NULL, NULL, 1, 1);
INSERT INTO products (id, slug, title, category_id, size, description, pdf_url, sort_order, in_stock) VALUES ('18f2ca10-9916-4bd8-a219-af7967d5cb00', 'polymers-detergents-dcs-surfactant', 'DCS Surfactant', '7ee3c0ca-1dcc-4043-8f72-1371a649fc9b', '5 GAL', NULL, NULL, 12, 1);
INSERT INTO products (id, slug, title, category_id, size, description, pdf_url, sort_order, in_stock) VALUES ('1da52e28-a14b-432a-badd-5782c6902d30', 'polymers-detergents-drill-zone', 'Drill Zone', '7ee3c0ca-1dcc-4043-8f72-1371a649fc9b', '5 GAL', NULL, NULL, 13, 1);
INSERT INTO products (id, slug, title, category_id, size, description, pdf_url, sort_order, in_stock) VALUES ('8570fbed-15f7-44fb-b806-627569a93e56', 'polymers-detergents-ez-mud', 'Ez Mud', '7ee3c0ca-1dcc-4043-8f72-1371a649fc9b', '50 LBS', NULL, NULL, 4, 1);
INSERT INTO products (id, slug, title, category_id, size, description, pdf_url, sort_order, in_stock) VALUES ('e63001e1-e1d2-4d3c-9854-d295333c73db', 'polymers-detergents-flowzan-liquid', 'Flowzan Liquid', '7ee3c0ca-1dcc-4043-8f72-1371a649fc9b', '5 GAL', NULL, NULL, 14, 1);
INSERT INTO products (id, slug, title, category_id, size, description, pdf_url, sort_order, in_stock) VALUES ('d9ccb191-8678-4069-89ab-36b98f4e0bbf', 'polymers-detergents-mountain-poly-1-dft-30', 'Mountain Poly #1 DFT 30', '7ee3c0ca-1dcc-4043-8f72-1371a649fc9b', '5 GAL', NULL, NULL, 5, 1);
INSERT INTO products (id, slug, title, category_id, size, description, pdf_url, sort_order, in_stock) VALUES ('ec23db97-192b-4c74-8d19-687bcadfafca', 'polymers-detergents-poly-plus-2000', 'Poly Plus 2000', '7ee3c0ca-1dcc-4043-8f72-1371a649fc9b', '50 LBS', NULL, NULL, 7, 1);
INSERT INTO products (id, slug, title, category_id, size, description, pdf_url, sort_order, in_stock) VALUES ('50f73cc7-0bba-4240-b394-d6cd561735dd', 'polymers-detergents-poly-plus-liquid', 'Poly Plus Liquid', '7ee3c0ca-1dcc-4043-8f72-1371a649fc9b', '5 GAL', NULL, NULL, 6, 1);
INSERT INTO products (id, slug, title, category_id, size, description, pdf_url, sort_order, in_stock) VALUES ('6b31647d-74f1-4790-a95c-549bfabc9e40', 'polymers-detergents-poly-plus-rd', 'Poly Plus RD', '7ee3c0ca-1dcc-4043-8f72-1371a649fc9b', '50 LBS', NULL, NULL, 9, 1);
INSERT INTO products (id, slug, title, category_id, size, description, pdf_url, sort_order, in_stock) VALUES ('c5008f34-c9be-480d-982b-5ad666d04519', 'polymers-detergents-poly-swell', 'Poly Swell', '7ee3c0ca-1dcc-4043-8f72-1371a649fc9b', '50 LBS', NULL, NULL, 8, 1);
INSERT INTO products (id, slug, title, category_id, size, description, pdf_url, sort_order, in_stock) VALUES ('30513db0-86df-407f-afe8-d3c1f7c95646', 'polymers-detergents-rod-ease', 'Rod-ease', '7ee3c0ca-1dcc-4043-8f72-1371a649fc9b', '5 GAL', NULL, NULL, 10, 1);
INSERT INTO products (id, slug, title, category_id, size, description, pdf_url, sort_order, in_stock) VALUES ('1b02f26c-5d3a-4af8-97e7-ff527c49242e', 'polymers-detergents-tackle-platinum-dd-detergent', 'Tackle Platinum DD Detergent', '7ee3c0ca-1dcc-4043-8f72-1371a649fc9b', '5 GAL', NULL, NULL, 11, 1);
INSERT INTO products (id, slug, title, category_id, size, description, pdf_url, sort_order, in_stock) VALUES ('3c9a653b-bab2-4a53-97ec-9ebb0f6a4813', 'specialty-chemicals-bleach', 'Bleach', '56b2d0d8-4dbc-4aa5-b9b9-72a5cf2be8bf', '1 GAL', NULL, NULL, 13, 1);
INSERT INTO products (id, slug, title, category_id, size, description, pdf_url, sort_order, in_stock) VALUES ('54c415c0-96e2-4a92-b65f-e50812f53d29', 'specialty-chemicals-calcium-chloride', 'Calcium Chloride', '56b2d0d8-4dbc-4aa5-b9b9-72a5cf2be8bf', '50 LBS', NULL, NULL, 3, 1);
INSERT INTO products (id, slug, title, category_id, size, description, pdf_url, sort_order, in_stock) VALUES ('8e2d9ec1-f9cb-4814-85ea-c90e734a8d05', 'specialty-chemicals-chlorine-tablets', 'Chlorine Tablets', '56b2d0d8-4dbc-4aa5-b9b9-72a5cf2be8bf', '55 LBS', NULL, NULL, 1, 1);
INSERT INTO products (id, slug, title, category_id, size, description, pdf_url, sort_order, in_stock) VALUES ('1c0da765-33b2-435a-a331-3af949b95bd4', 'specialty-chemicals-citric-acid', 'Citric Acid', '56b2d0d8-4dbc-4aa5-b9b9-72a5cf2be8bf', '50 LBS', NULL, NULL, 14, 1);
INSERT INTO products (id, slug, title, category_id, size, description, pdf_url, sort_order, in_stock) VALUES ('ad0fafc7-123d-466d-9799-a467815acbf5', 'specialty-chemicals-granular-calcium-chloride', 'Granular Calcium Chloride', '56b2d0d8-4dbc-4aa5-b9b9-72a5cf2be8bf', '50 LBS', NULL, NULL, 2, 1);
INSERT INTO products (id, slug, title, category_id, size, description, pdf_url, sort_order, in_stock) VALUES ('009a9f76-8479-4ad8-954e-68f7a516ed92', 'specialty-chemicals-klay-stay-liquid', 'Klay-stay Liquid', '56b2d0d8-4dbc-4aa5-b9b9-72a5cf2be8bf', '5 GAL', NULL, NULL, 4, 1);
INSERT INTO products (id, slug, title, category_id, size, description, pdf_url, sort_order, in_stock) VALUES ('dbc56ae0-5a7d-491d-a895-23d752b4e017', 'specialty-chemicals-lime', 'Lime', '56b2d0d8-4dbc-4aa5-b9b9-72a5cf2be8bf', '50 LBS', NULL, NULL, 5, 1);
INSERT INTO products (id, slug, title, category_id, size, description, pdf_url, sort_order, in_stock) VALUES ('062789ca-43c6-4e72-94e9-60582a066547', 'specialty-chemicals-potash', 'Potash', '56b2d0d8-4dbc-4aa5-b9b9-72a5cf2be8bf', '50 LBS', NULL, NULL, 6, 1);
INSERT INTO products (id, slug, title, category_id, size, description, pdf_url, sort_order, in_stock) VALUES ('a0b61626-db33-4d18-8e83-a59e7c86c103', 'specialty-chemicals-salt-fine', 'Salt Fine', '56b2d0d8-4dbc-4aa5-b9b9-72a5cf2be8bf', '50 LBS', NULL, NULL, 8, 1);
INSERT INTO products (id, slug, title, category_id, size, description, pdf_url, sort_order, in_stock) VALUES ('b93910a6-d4d4-4fa1-8697-3222857f3520', 'specialty-chemicals-salt-medium', 'Salt Medium', '56b2d0d8-4dbc-4aa5-b9b9-72a5cf2be8bf', '50 LBS', NULL, NULL, 9, 1);
INSERT INTO products (id, slug, title, category_id, size, description, pdf_url, sort_order, in_stock) VALUES ('0f528d81-b4b0-4d6d-8f64-36541ed1974e', 'specialty-chemicals-salt-water-softener', 'Salt Water Softener', '56b2d0d8-4dbc-4aa5-b9b9-72a5cf2be8bf', '50 LBS', NULL, NULL, 10, 1);
INSERT INTO products (id, slug, title, category_id, size, description, pdf_url, sort_order, in_stock) VALUES ('c63d6f93-b61b-4a48-83d1-2ba4dc37198f', 'specialty-chemicals-soda-ash', 'Soda Ash', '56b2d0d8-4dbc-4aa5-b9b9-72a5cf2be8bf', '50 LBS', NULL, NULL, 7, 1);
INSERT INTO products (id, slug, title, category_id, size, description, pdf_url, sort_order, in_stock) VALUES ('0f662829-3114-40fe-93ab-dacd88be899b', 'specialty-chemicals-sodium-bicarbonate', 'Sodium Bicarbonate', '56b2d0d8-4dbc-4aa5-b9b9-72a5cf2be8bf', '50 LBS', NULL, NULL, 11, 1);
INSERT INTO products (id, slug, title, category_id, size, description, pdf_url, sort_order, in_stock) VALUES ('014756b4-110b-4c55-a516-2d0bef5df06b', 'specialty-chemicals-white-starch', 'White Starch', '56b2d0d8-4dbc-4aa5-b9b9-72a5cf2be8bf', '50 LBS', NULL, NULL, 12, 1);
INSERT INTO products (id, slug, title, category_id, size, description, pdf_url, sort_order, in_stock) VALUES ('c1343a37-564c-4c51-95ee-41019142a16b', 'thinners-alcomer-74l', 'Alcomer 74L', 'f05290fd-9939-489d-b8de-c48a9959b78d', '5 GAL', NULL, NULL, 3, 1);
INSERT INTO products (id, slug, title, category_id, size, description, pdf_url, sort_order, in_stock) VALUES ('479ab51b-3926-4d24-8431-c01842870dc4', 'thinners-desco', 'Desco', 'f05290fd-9939-489d-b8de-c48a9959b78d', '25 LBS', NULL, NULL, 4, 1);
INSERT INTO products (id, slug, title, category_id, size, description, pdf_url, sort_order, in_stock) VALUES ('69130ed2-7dcd-4fd8-bd84-46b62e740a2c', 'thinners-lignite', 'Lignite', 'f05290fd-9939-489d-b8de-c48a9959b78d', '50 LBS', NULL, NULL, 5, 1);
INSERT INTO products (id, slug, title, category_id, size, description, pdf_url, sort_order, in_stock) VALUES ('08ab904e-c510-4487-81a1-25e279307957', 'thinners-ring-free', 'Ring Free', 'f05290fd-9939-489d-b8de-c48a9959b78d', '50 LBS', NULL, NULL, 1, 1);
INSERT INTO products (id, slug, title, category_id, size, description, pdf_url, sort_order, in_stock) VALUES ('d4f09cd8-b75d-44fb-b186-fbf0921e80f4', 'thinners-sapp', 'Sapp', 'f05290fd-9939-489d-b8de-c48a9959b78d', '50 LBS', NULL, NULL, 2, 1);

-- Jobs
INSERT INTO jobs (id, title, locations, description, is_active, sort_order) VALUES ('d08b3b5d-622d-48cb-a1d6-effc15ab158f', 'Delivery Driver (CDL Required)', 'All locations', '', 1, 4);
INSERT INTO jobs (id, title, locations, description, is_active, sort_order) VALUES ('c5f0260b-f239-4d7d-8aad-2f7e06c8f78b', 'Field Technician', 'Gillette WY, Williston ND', '', 1, 2);
INSERT INTO jobs (id, title, locations, description, is_active, sort_order) VALUES ('e5cb657d-0686-4e5a-a97d-5d98a148950c', 'Lab Technician', 'Gillette WY, Williston ND', '', 1, 3);
INSERT INTO jobs (id, title, locations, description, is_active, sort_order) VALUES ('bf37ed96-d3ff-4b80-b423-37dbc5c23b7f', 'Mud Engineer', 'Gillette WY, Cheyenne WY, Williston ND', '', 1, 1);
INSERT INTO jobs (id, title, locations, description, is_active, sort_order) VALUES ('59539a69-66e3-45c9-89c2-903465f7753b', 'Sales / Business Development', 'All Locations / Hybrid', '', 1, 5);

-- Admin Users
-- Note: Password hashes need to be generated using: node scripts/hash-password.js YOUR_PASSWORD

-- Superadmin (Kellee Carroll)
INSERT INTO admin_users (id, email, password_hash, name, role, notify_contact, notify_applications) VALUES ('c3980c66-fabb-4855-9aa3-13ebecc3b9a5', 'kellee@prairiegiraffe.com', 'REPLACE_WITH_HASH', 'Kellee Carroll', 'superadmin', 1, 1);

-- Agency (KutThur) - update email/name
INSERT INTO admin_users (id, email, password_hash, name, role, notify_contact, notify_applications) VALUES ('3d2e0f92-0d21-48e9-a394-4ba10509dea4', 'agency@kutthur.com', 'REPLACE_WITH_HASH', 'KutThur Admin', 'agency', 1, 1);

-- MTN MUD Admin - update email/name
INSERT INTO admin_users (id, email, password_hash, name, role, notify_contact, notify_applications) VALUES ('58056721-fbaa-44f9-bfb7-adabda9a487d', 'admin@mtnmud.com', 'REPLACE_WITH_HASH', 'MTN MUD Admin', 'admin', 1, 1);

